id,bibkey,short,year,venue,domain,fpga,cpu,c1_mt,c1_simd,c2_cores,c3_transfers,c4_energy,c4b_boundary,c5_freq_warmup,c6_variability,c7_equivalence,c8_artifact,source_url,evidence
Q19,qasaimeh2019vision,Qasaimeh et al.,2019,ICESS,vision,Zynq US+ ZCU102,Cortex-A57 (Jetson TX2),NS,Y,N,excluded,measured (board rail sensors),Y,N,N,N,Y,https://arxiv.org/pdf/1906.11879,"C1b: 'SIMD instruction extensions such as the ARM NEON SIMD engine'; C3: 'excluded the time required for copying images from/to the external memory'; C4: 'On-board power measuring IC that can measure multiple power rails'; C4b: dynamic power for single kernels, static+dynamic for pipelines; C8: 'All benchmark code is available at github.com/isu-rcl/cvBench'"
N22,nguyen2022hpc,Nguyen et al.,2022,CCPE,HPC,Arria 10; Alveo U280,Xeon E5-2698 v3; Xeon Phi 7250,Y,Y,Y,excluded,measured (board utility; LIKWID socket),partial,N,partial,N,N,https://escholarship.org/uc/item/99c9w6dn,C1: 'OpenMP on Haswell and KNL'; 'MKL library for single-core matrix multiplication'; C2: 'dual-socket ... Each node includes 32 cores'; C3: 'we presume data is resident on the FPGA accelerator thus obviating any PCIe data movement'; C4: 'FPGA's self-reported statistics ... LIKWID to collect CPU power consumption at the socket level'; C6: 'we averaged multiple trials'
K22,klaisoongnoen2022greeks,Klaisoongnoen et al.,2022,HEART,finance,Alveo U280,2x Xeon Platinum 8260M,Y,NS,Y,included,measured (XRT; RAPL),Y,N,partial,Y,N,https://arxiv.org/pdf/2206.03719,C1: 'All CPU runs are undertaken by threading using OpenMP across two 24-core Xeon Platinum'; C2: 'executed across all 48 physical cores as this was found to be the optimal CPU configuration'; C3: 'total FPGA runtime and energy usage includes measurements of the kernel data transfer'; C4: XRT and RAPL; C4b: 'energy used by FPGA card and host for data manipulation'; C6: 'averaged over five runs'; C7: accuracy against double-precision CPU reference
Bw21,aud_brown2021advection,Brown et al. (advection),2021,IEEE Cluster FPGA workshop,HPC/weather,Alveo U280; Stratix 10,Xeon Platinum 8260M,NS,NS,Y,included,measured (RAPL; XRT; vendor API),N,N,N,N,N,https://arxiv.org/pdf/2107.13500,C2: 'we compare against a 24-core Xeon Platinum (Cascade Lake) 8260M CPU'; C3: 'overall performance including the overhead of data transfer to and from the FPGA or GPU boards via PCIe'; C4: 'Power was captured on the CPU using RAPL ... XRT for the Alveo'
Br20,brown2020vitis,Brown,2020,FPL,HPC,Alveo U280,Xeon (Skylake) single core,N,N,Y,included,measured (device),Y,N,N,N,N,https://arxiv.org/pdf/2010.00289,C1/C2: 'CPU version ... run on a single core of Skylake Xeon (single threaded)'; C3: 'timings include both kernel execution and data transfer'; C4: 'The power usage is the entire usage of either the FPGA or CPU'
GL21,aud_hu2021graphlily,Hu et al. (GraphLily),2021,ICCAD,graph/sparse,Alveo U280,2x Xeon Gold 6242 (32 cores),Y,Y,Y,excluded,measured (powerstat; xbutil),N,N,partial,Y,Y,https://www.csl.cornell.edu/~zhiruz/pdfs/graphlily-iccad2021.pdf,C1: GraphIt and 'MKL (2019.5) on the CPU'; C2: 'two-socket 32-core 2.8 GHz Intel Xeon Gold 6242'; C3: 'execution time does not include the data transfer overhead from the host CPU to the GPU/FPGA'; C4: 'We query CPU power using powerstat ... FPGA using xbutil'; C6: 'average of 10 runs'; C7: fixed-point output verified equal to floating point; C8: github.com/cornell-zhang/GraphLily
HS22,aud_du2022hisparse,Du et al. (HiSparse),2022,FPGA,sparse,Alveo U280,2x Xeon Gold 6242 (32 threads),Y,Y,Y,NS,measured,N,N,N,N,Y,https://www.csl.cornell.edu/~zhiruz/pdfs/spmv-fpga2022.pdf,"C1/C2: 'MKL (2019.5) ... using 32 threads on a two-socket 32-core 2.8 GHz Intel Xeon Gold 6242'; C4: 'real-measured power consumption and energy efficiency of MKL, cuSPARSE, and HiSparse'; C8: github.com/cornell-zhang/HiSparse"
HX20,aud_riazi2020heax,Riazi et al. (HEAX),2020,ASPLOS,cryptography,Arria 10; Stratix 10,Xeon Silver 4108 (single thread),N,Y,Y,NS,not reported,N,N,N,N,N,https://arxiv.org/pdf/1909.09731,C1/C2: 'SEAL on a single-threaded Intel Xeon(R) Silver 4108 running at 1.80 GHz'; C1b: SEAL 'has undergone several years of performance optimizations'; S: '164-268x performance improvements'
FB23,aud_agrawal2023fab,Agrawal et al. (FAB),2023,HPCA,cryptography,Alveo U280,prior CPU implementations (not specified),NS,NS,N,NS,not reported,N,N,N,N,N,https://bu-icsg.github.io/publications/2023/fhe_accelerator_fpga_hpca2023.pdf,S: 'outperforms existing state-of-the-art CPU and GPU implementations by 213x and 1.5x'; CPU model and configuration not stated in the text
FL20,aud_dematteis2020fblas,De Matteis et al. (FBLAS),2020,SC,linear algebra,Stratix 10; Arria 10,Xeon E5-2630 v4 (10 cores),Y,Y,Y,NS,measured (aocl; Mammut/RAPL),Y,N,Y,N,Y,https://arxiv.org/pdf/1907.07929,C1: 'we use Intel MKL 2019'; 'best parallel execution time'; C2: '10 cores Intel Xeon E5-2630 v4 ... (no Hyper-Threading)'; C4b: 'power drain of the entire board' (FPGA) and 'power consumed by the processor and by the DRAM only' (CPU); C6: '99% confidence interval is within 5% of the measured mean'; C8: github.com/spcl/fblas
KP21,aud_karp2021sem,Karp et al.,2021,IPDPS,HPC/CFD,Stratix 10 GX,ThunderX2; Xeon; manycore CPUs,Y,partial,Y,excluded,measured (RAPL; tx2mon; board API),N,N,Y,N,Y,https://arxiv.org/pdf/2010.13463,"C1: 'executed the kernel with one MPI thread per CPU core'; C1b: 'compiled with the standard optimization flags'; C3: 'executed to exclude PCIe transfer overheads, focusing exclusively on the isolated performance of the kernel'; C4: 'Intel RAPL counters and Marvell tx2mon'; C6: 'standard deviation is smaller than 2%'; C8: github.com/MartinKarp/Nekbone"
BM21,aud_brown2021matrix,Brown (matrix assembly),2021,H2RC,HPC/CFD,Alveo U280,Xeon Platinum 8260M (24 cores),Y,partial,Y,included,measured (RAPL; XRT),Y,N,partial,Y,N,https://arxiv.org/pdf/2111.05651,C1: 'parallelised via OpenMP (using GCC 8.3)' with -O3; C2: '24-core Xeon Platinum'; C3: total execution time = kernel + data transfer; C4b: 'For the FPGA the combined FPGA and CPU power draw is reported'; C6: 'averaged over three runs'; C7: 'checked at the element level to ensure ... consistent results'
BN20,aud_brown2020nekbone,Brown (Nekbone),2020,H2RC,HPC/CFD,Alveo U280,Xeon Platinum 8260M (24 cores),Y,partial,Y,included (amortised),measured (xbutil; RAPL),Y,N,partial,Y,N,https://arxiv.org/pdf/2011.04981,"C1: 'MPI process per core provided best performance'; -O3; C3: 'one data transfer ... around 200 invocations ... cost of the transfer is negligible'; C4b: xbutil 'total power being consumed by the card', RAPL for CPU; C6: 'averaged over three runs'; C7: 'checked at the grid point level'"
BO20,aud_samardzic2020bonsai,Samardzic et al. (Bonsai),2020,ISCA,sorting,VU9P (AWS F1),CPU results from literature (PARADIS),NS,NS,N,included,not reported,N,N,N,N,N,https://vast.cs.ucla.edu/sites/default/files/publications/ISCA20_final.pdf,"S: '2.3x ... speedup over the best designs on CPUs, FPGAs, and GPUs' (CPU numbers taken from prior work); C3: 'time required to stream the entire data from and to memory is also included'"
AB25,aud_feng2025abea,Feng et al. (ABEA),2025,BMC Bioinformatics,genomics,VU9P,AMD EPYC (12 threads),Y,NS,Y,included,FPGA estimated (XPE) / CPU measured (lm-sensors),partial,N,N,Y,Y,https://pmc.ncbi.nlm.nih.gov/articles/PMC11917103,C1: 'Nanopolish and MultiNanopolish launch multiple threads'; C2: 'AMD EPYC processor with 12 CPU threads'; C4: FPGA power 'from Xilinx Power Estimator'; CPU 'lm-sensor commands'; C7: 'differences ... less than 0.03%'; C8: github.com/fengyilin118/ABEA-HLS
GA20,aud_zeng2020graphact,Zeng & Prasanna (GraphACT),2020,FPGA,graph ML,Alveo U200,Xeon E5-2698 v4 (40 cores; HT),Y,Y,Y,included,not reported,N,N,N,Y,Y,https://hanqingzeng.com/publication/graphact/GraphACT.pdf,"C1: 'Parallelization of [34] on CPU is via the Intel MKL library'; C2: '40-core Xeon server (E5-2698 v4 @2.2GHz, hyper-threaded)'; C3: 'Total convergence time includes ... data transfer from/to main memory'; C7: accuracy evaluated under the design's settings; C8: github.com/GraphSAINT/GraphACT; S: '12x to 15x speedup' vs CPU"
GI20,aud_zhang2020gcn,Zhang et al. (GCN inference),2020,FCCM,graph ML,Alveo U200,Xeon 5120 (multi-core),Y,NS,N,NS,not reported,N,N,N,N,N,https://www.fccm.org/past/2020/proceedings/2020/pdfs/FCCM2020-65FOvhMqzyMYm99lfeVKyl/580300a241/580300a241.pdf,"P: 'multi-core CPU implementation (Intel Xeon 5120 @2.20 GHz)'; S: '30x faster than CPU implementation'; core count, transfers and power not stated"
HP24,aud_decastro2024sycl,de Castro et al. (SYCL/OpenCL FPGA),2024,HeteroPar (Euro-Par workshop),scientific computing,Intel FPGAs,CPU (1-8 threads; model not stated),Y,NS,Y,NS,not reported,N,N,N,N,Y,https://arxiv.org/pdf/2409.03391,"C1/C2: 'CPU 1 thread, CPU 4 threads, CPU 8 threads' (Table 1); C8: 'All the codes and performance analysis ... publicly available' (github.com/uva-trasgo)"
NE21,aud_singh2021micro,"Singh et al. (near-memory FPGA: NERO, SneakySnake)",2021,IEEE Micro 41(4),weather stencils; genomics,"Xilinx VU37P (HBM, AD9H7)",IBM POWER9 (16 cores/64 threads),Y,NS,Y,NS,measured (AMESTER socket),Y,N,N,N,Y,https://arxiv.org/pdf/2106.06433,"C1/C2: '16-core IBM POWER9 system'; C4: 'we use the AMESTER tool to monitor builtin power sensors'; C4b: 'We measure the active power consumption, i.e., the difference between the total power of a complete socket (including processor, memory, fans, and I/O) when running ... and when idle'; S: '27.4x, 5.3x, and 12.7x higher speedup' and 'improve energy efficiency by 133x, 12x, and 35x'; C8: github.com/CMU-SAFARI/SneakySnake"
FA20,aud_zhang2020lsm,Zhang et al. (LSM compaction),2020,USENIX FAST,storage/database,Xilinx VU9P,2x Xeon Platinum 8163 (24 cores each),Y,NS,Y,included (end-to-end system),measured (machine power),partial,partial,N,N,N,https://www.usenix.org/system/files/fast20-zhang_teng.pdf,"C2: 'two Intel Xeon Platinum 8163 2.5 GHz 24-core CPUs with two-way hyperthreading'; C4: 'average machine-wise power consumption is lowered by 7.2%'; C5: 'warm up the storage for 3,600 seconds and measure ... for another 3,600 seconds'; S: 'accelerates compactions by 2 to 5 times ... energy efficiency by up to 31.7%'"
OW19,aud_owaida2019latency,Owaida et al. (route scoring),2019,PVLDB 13(1),database/ML inference,Xilinx VCU1525 (VU9P); Intel HARP v2 (Arria 10); AWS F1,Xeon servers (56 cores),partial,NS,Y,excluded,not reported,N,N,N,N,N,https://www.vldb.org/pvldb/vol13/p71-owaida.pdf,C1: 'The current CPU implementation is single threaded'; C2: '56-core CPU servers'; C3: 'excluding the time overhead for transferring the data and results over PCIe for FPGA-based platforms'; S: 'two orders of magnitude performance improvement over the CPU solution'
HJ20,aud_chen2020hashjoin,Chen et al. (hash joins),2020,CIDR,database,Intel HARP (Arria 10); Stratix V,Xeon E5-2600 v4 (28 threads),Y,NS,Y,excluded (discrete case),not reported,N,N,N,N,partial,https://www.cidrdb.org/cidr2020/papers/p27-chen-cidr20.pdf,"C1/C2: 'All the 28 threads for the CPU are used, and the radix bits are tuned to yield the optimal CPU performance'; C3: 'assume that the partitions are already stored in global memory'; C8: code on GitHub (Xtra-Computing/HashjoinOnHARP) but not cited in the paper; S: 'up to 38% improvement over CPU-only'"
HC20,meyer2020hpcc,Meyer et al. (HPCC FPGA),2020,H2RC (SC workshop),HPC benchmarks,Stratix 10 GX2800 (520N); PAC D5005; Alveo U280,2x Xeon Gold 6148; Xeon Gold 6234,NS,NS,Y,reported separately,measured (board sensors; PCM CPU+DDR),partial,N,Y,Y,Y,https://arxiv.org/pdf/2004.11059,C2: 'two-socket system equipped with Intel Xeon Gold 6148 CPUs'; C3: 'PCI Read and PCI Write ... represent the read and write of the arrays to the device memory'; C4: 'measured the CPU + DDR power consumption using PCM Tools'; C6: 'repeated 20 times'; C7: 'error ... must be below the machine epsilon'; C8: github.com/pc2/HPCC_FPGA; S: 'FPGA with HBM2 is 11.9x more efficient'
CM18,aud_kara2018columnml,Kara et al. (ColumnML),2018,PVLDB 12(4),database/ML training,Intel HARP (Arria 10),Xeon Broadwell (14 cores),Y,Y,Y,NS (shared-memory platform),not reported,N,Y,N,partial,Y,https://www.vldb.org/pvldb/vol12/p348-kara.pdf,C1b: 'using Intel intrinsics to take full advantage of the AVX (256-bits) and fused multiply-add (FMA) instructions'; C2: '14 Cores @ 2.4 GHz'; C5: 'We set the frequency governor of the CPU to performance'; C7: test-set inference quality compared; C8: github.com/fpgasystems/ColumnML
MM23,aud_liyanage2023minimap2,Liyanage et al. (minimap2-fpga),2023,Scientific Reports,genomics,Intel Arria 10 GX; Xilinx VU9P (AWS F1),Xeon Gold 6148 (20 cores); 8 vCPUs (AWS),Y,NS,Y,included,FPGA measured / CPU TDP-scaled,N,N,N,Y,Y,https://www.nature.com/articles/s41598-023-47354-8,C2: 'Both minimap2 and minimap2-fpga were run with 8 CPU threads'; C3: 'end-to-end run-time includes all overheads ... data transfer between host and device'; C4: 'CPU power consumption was estimated by scaling the thermal design power (TDP)'; C7: 'evaluated using the mapeval utility'; C8: github.com/kisarur/minimap2-fpga; S: 'up to 79% and 53% faster than minimap2'
SS20,aud_alser2020sneakysnake,Alser et al. (SneakySnake),2020,Bioinformatics 36(22-23),genomics,Xilinx Virtex-7 VC709,Xeon Gold 5118 (up to 48 threads),Y,Y,Y,NS,not reported,N,N,N,Y,Y,https://arxiv.org/pdf/1910.09020,C1a: 'Xeon Gold 5118 CPU with up to 48 threads'; C1b: 'KSW2 ... using Intel SSE instructions'; C2: 'number of threads increases from 1 to 40'; C7: 'We use Edlib to identify the ground-truth truly-accepted sequences'; C8: github.com/CMU-SAFARI/SneakySnake; S: 'up to 413x and 689x' (GPU/FPGA)
PQ20,aud_peltenburg2020parquet,Peltenburg et al. (Parquet-to-Arrow),2020,ICFPT,database/data formats,Xilinx VU9P (AWS F1); VU37P (OpenCAPI),Xeon E5-2686 v4; 2x POWER9 22-core,N,NS,Y,reported separately,not reported,N,partial,N,N,Y,https://pure.tudelft.nl/ws/files/104992145/FPT_Parquet_Converter_Camera_Ready.pdf,"C1/C2: 'we measure the performance of one thread and one kernel'; C3: 'we measure the end-to-end solution ... FPGANC ... only the FPGA processing time'; C5: 'virtual memory pages ... touched, to make sure the TLB is warm'; C8: 'publicly available ... including all benchmarks'; S: 'threefold improvement over the fastest single-thread CPU implementation'"
MD19,aud_yang2019md,Yang et al. (FPGA molecular dynamics),2019,SC,molecular dynamics,Intel Stratix 10 1SG280,Xeon Platinum 8160 (1-16 cores),Y,NS,Y,NS (whole simulation on FPGA),not reported,N,N,N,Y,partial,https://www.bu.edu/caadlab/SC20A.pdf,"C1/C2: 'CPU 1-core ... CPU 16-core' (Table 7); C7: 'validated with respect to Amber 18'; C8: 'the HDL generator script ... will be made publicly available' (promise only); note: 'system energy values' refers to physical MD energies, not power"
MR21,aud_jiang2021microrec,Jiang et al. (MicroRec),2021,MLSys,recommendation inference,Xilinx Alveo U280,"Xeon E5-2686 v4 (16 vCPU, AWS)",NS,Y,Y,excluded,not reported,N,N,N,N,N,https://arxiv.org/pdf/2010.05894,"C1b: '16 vCPU, AVX2-enabled'; C2: '14 cores per socket'; C3: 'This latency excludes streaming input features from CPU side memory'; S: '2.5~5.4x speedup for entire inference'"
DB24,aud_liu2024rdbms,Liu et al. (FPGA + PostgreSQL),2024,Parallel Computing,database,Xilinx XCVU37P,Xeon E5-2640 v4,Y,NS,Y,included (end-to-end query),not reported,N,N,N,N,Y,https://www.sciencedirect.com/science/article/pii/S0167819124000024,"C2: 'Compared to using 4 CPU cores, our FPGA-based acceleration system reduces query latency by 1.7 times'; C3: 'testing time ... does not include the time required for downloading the bitstream'; C8: 'open-source code can be downloaded from gitee'; S: 'a single FPGA card to perform as well as 8 CPU query processes'"
